"Body","Title"
"Pellentesque vel dui sed orci faucibus iaculis. Suspendisse dictum magna id purus tincidunt rutrum. Nulla congue. Vivamus sit amet lorem posuere dui vulputate ornare. Phasellus mattis sollicitudin ligula. Duis dignissim felis et urna. Integer adipiscing congue metus. Nam pede. Etiam non wisi. Sed accumsan dolor ac augue. Pellentesque eget lectus. Aliquam nec dolor nec tellus ornare venenatis. Nullam blandit placerat sem. Curabitur quis ipsum. Mauris nisl tellus, aliquet eu, suscipit eu, ullamcorper quis, magna. Mauris elementum, pede at sodales vestibulum, nulla tortor congue massa, quis pellentesque odio dui id est. Cras faucibus augue.","Blue"
"Pellentesque vel dui sed orci faucibus iaculis. Suspendisse dictum magna id purus tincidunt rutrum. Nulla congue. Vivamus sit amet lorem posuere dui vulputate ornare. Phasellus mattis sollicitudin ligula. Duis dignissim felis et urna. Integer adipiscing congue metus. Nam pede. Etiam non wisi. Sed accumsan dolor ac augue. Pellentesque eget lectus. Aliquam nec dolor nec tellus ornare venenatis. Nullam blandit placerat sem. Curabitur quis ipsum. Mauris nisl tellus, aliquet eu, suscipit eu, ullamcorper quis, magna. Mauris elementum, pede at sodales vestibulum, nulla tortor congue massa, quis pellentesque odio dui id est. Cras faucibus augue.","Red"
"Pellentesque vel dui sed orci faucibus iaculis. Suspendisse dictum magna id purus tincidunt rutrum. Nulla congue. Vivamus sit amet lorem posuere dui vulputate ornare. Phasellus mattis sollicitudin ligula. Duis dignissim felis et urna. Integer adipiscing congue metus. Nam pede. Etiam non wisi. Sed accumsan dolor ac augue. Pellentesque eget lectus. Aliquam nec dolor nec tellus ornare venenatis. Nullam blandit placerat sem. Curabitur quis ipsum. Mauris nisl tellus, aliquet eu, suscipit eu, ullamcorper quis, magna. Mauris elementum, pede at sodales vestibulum, nulla tortor congue massa, quis pellentesque odio dui id est. Cras faucibus augue.","Yellow"
"Pellentesque vel dui sed orci faucibus iaculis. Suspendisse dictum magna id purus tincidunt rutrum. Nulla congue. Vivamus sit amet lorem posuere dui vulputate ornare. Phasellus mattis sollicitudin ligula. Duis dignissim felis et urna. Integer adipiscing congue metus. Nam pede. Etiam non wisi. Sed accumsan dolor ac augue. Pellentesque eget lectus. Aliquam nec dolor nec tellus ornare venenatis. Nullam blandit placerat sem. Curabitur quis ipsum. Mauris nisl tellus, aliquet eu, suscipit eu, ullamcorper quis, magna. Mauris elementum, pede at sodales vestibulum, nulla tortor congue massa, quis pellentesque odio dui id est. Cras faucibus augue.","Orange"
"Pellentesque vel dui sed orci faucibus iaculis. Suspendisse dictum magna id purus tincidunt rutrum. Nulla congue. Vivamus sit amet lorem posuere dui vulputate ornare. Phasellus mattis sollicitudin ligula. Duis dignissim felis et urna. Integer adipiscing congue metus. Nam pede. Etiam non wisi. Sed accumsan dolor ac augue. Pellentesque eget lectus. Aliquam nec dolor nec tellus ornare venenatis. Nullam blandit placerat sem. Curabitur quis ipsum. Mauris nisl tellus, aliquet eu, suscipit eu, ullamcorper quis, magna. Mauris elementum, pede at sodales vestibulum, nulla tortor congue massa, quis pellentesque odio dui id est. Cras faucibus augue.","Purple"
"Pellentesque vel dui sed orci faucibus iaculis. Suspendisse dictum magna id purus tincidunt rutrum. Nulla congue. Vivamus sit amet lorem posuere dui vulputate ornare. Phasellus mattis sollicitudin ligula. Duis dignissim felis et urna. Integer adipiscing congue metus. Nam pede. Etiam non wisi. Sed accumsan dolor ac augue. Pellentesque eget lectus. Aliquam nec dolor nec tellus ornare venenatis. Nullam blandit placerat sem. Curabitur quis ipsum. Mauris nisl tellus, aliquet eu, suscipit eu, ullamcorper quis, magna. Mauris elementum, pede at sodales vestibulum, nulla tortor congue massa, quis pellentesque odio dui id est. Cras faucibus augue.","Green"
"Pellentesque vel dui sed orci faucibus iaculis. Suspendisse dictum magna id purus tincidunt rutrum. Nulla congue. Vivamus sit amet lorem posuere dui vulputate ornare. Phasellus mattis sollicitudin ligula. Duis dignissim felis et urna. Integer adipiscing congue metus. Nam pede. Etiam non wisi. Sed accumsan dolor ac augue. Pellentesque eget lectus. Aliquam nec dolor nec tellus ornare venenatis. Nullam blandit placerat sem. Curabitur quis ipsum. Mauris nisl tellus, aliquet eu, suscipit eu, ullamcorper quis, magna. Mauris elementum, pede at sodales vestibulum, nulla tortor congue massa, quis pellentesque odio dui id est. Cras faucibus augue.","Pink"
"Pellentesque vel dui sed orci faucibus iaculis. Suspendisse dictum magna id purus tincidunt rutrum. Nulla congue. Vivamus sit amet lorem posuere dui vulputate ornare. Phasellus mattis sollicitudin ligula. Duis dignissim felis et urna. Integer adipiscing congue metus. Nam pede. Etiam non wisi. Sed accumsan dolor ac augue. Pellentesque eget lectus. Aliquam nec dolor nec tellus ornare venenatis. Nullam blandit placerat sem. Curabitur quis ipsum. Mauris nisl tellus, aliquet eu, suscipit eu, ullamcorper quis, magna. Mauris elementum, pede at sodales vestibulum, nulla tortor congue massa, quis pellentesque odio dui id est. Cras faucibus augue.","Black"
"Pellentesque vel dui sed orci faucibus iaculis. Suspendisse dictum magna id purus tincidunt rutrum. Nulla congue. Vivamus sit amet lorem posuere dui vulputate ornare. Phasellus mattis sollicitudin ligula. Duis dignissim felis et urna. Integer adipiscing congue metus. Nam pede. Etiam non wisi. Sed accumsan dolor ac augue. Pellentesque eget lectus. Aliquam nec dolor nec tellus ornare venenatis. Nullam blandit placerat sem. Curabitur quis ipsum. Mauris nisl tellus, aliquet eu, suscipit eu, ullamcorper quis, magna. Mauris elementum, pede at sodales vestibulum, nulla tortor congue massa, quis pellentesque odio dui id est. Cras faucibus augue.","Brown"
